domain,theme
luckyfun555.co,theme-blue.store
ak88pro.net,theme-blue.store
ufa888x.net,theme-black.store
ufa888x.org,theme-black.store
ufanew1688.org,theme-black.store
tiger444.net,theme-green.store
jak1bet.com,theme-purple.store
jak1bet.net,theme-purple.store
ipro356.net,theme-red.store
miami123th.net,theme-black.store
agon777.net,theme-purple.store
agon777.org,theme-purple.store
inwball88.org,theme-red.store
funclub8888.com,theme-red.store
nne888.com,theme-blue.store
kingslot2344.com,theme-purple.store
max7899.com,theme-blue.store
maxbet7899.com,theme-blue.store
luckyfun5555.com,theme-blue.store
ow233.com,theme-purple.store
ufo2344.com,theme-blue.store
jk93.net,theme-green.store
jk93.org,theme-green.store
tgaxbet.net,theme-blue.store
allking789.net,theme-red.store
ufacup88.net,theme-black.store
hubslotxo.net,theme-red.store
hubslotxo.org,theme-red.store
naka888s.org,theme-black.store
ufa767.org,theme-black.store
moon456slot.org,theme-black.store
ufa878.org,theme-black.store
pid168.org,theme-red.store
